Dhhfd3146,"No user has ""dhhfd3146"" as username"
douyin9573,"No user has ""douyin9573"" as username"
DMADxD,"No user has ""dmadxd"" as username"
djdjx187,"No user has ""djdjx187"" as username"
dingyumei3,"No user has ""dingyumei3"" as username"
Djdidndsksk,"No user has ""djdidndsksk"" as username"
Ddgdyxydy,"No user has ""ddgdyxydy"" as username"
Dgjkjbbb,"No user has ""dgjkjbbb"" as username"
dckasfjae,"No user has ""dckasfjae"" as username"
DenetEarning05,"No user has ""denetearning05"" as username"
dyshw,"No user has ""dyshw"" as username"
djkop756,"No user has ""djkop756"" as username"
