sr. no.,username,user id,name,Status

38508,Tomataiye,1857299855,SheiduğŸ¦´ ğŸ¾ğŸŒ±SEED,2025-02-09 17:41:16+00:00
38509,taiwopeter0220,2089144605,T.boiğŸ…â–ªï¸ğŸ¾,2025-02-09 18:18:57+00:00
38510,Taddy200,5534375925,TaddyğŸ…â“‚ï¸ MEMESğŸŒ±SEED,2025-02-09 18:38:06+00:00
38511,Torress009,5809713530,Sir PeterğŸ¾ğŸ¦´,2025-02-09 16:26:16+00:00
38512,TheeNefertiti,5309398056,Peggs$CFIğŸ… ğŸ¾ğŸğŸŒ±SEEDâ–ªï¸,UserStatusRecently
38513,tekwise9,5727284626,"wenebokefe ğŸ¦† ""ğŸŒ± ğŸ¾ SEED""",UserStatusRecently
38514,Toxic_chase,5999260621,Toxic_,2025-02-08 05:54:01+00:00
38515,TheEpicurean,1739012766,Derrr,2025-02-08 16:04:17+00:00
38516,Tomshushu1996,6090967690,janah,2025-02-08 06:56:59+00:00
38517,Treasure_3,6881186387,Lizzy,2025-02-09 15:41:08+00:00
38518,timothyokware,6979298472,timothy888,2025-02-09 13:45:59+00:00
38519,TonSociety_OG,6426184825,TonSocietyOG!,UserStatusRecently
38520,Tgal09,2086003468,@tgal,2025-02-09 14:26:15+00:00
38521,Tetttio_2012,7257022197,BEVERLYNEğŸ…,2025-02-08 05:05:58+00:00
38522,Treasureaustin,6129607240,Treasure,UserStatusRecently
38523,tmobiletrzy,7194493303,"tmobile""President Vote""",2025-02-09 18:12:06+00:00
38524,tosinero,6848236799,ğŸTosinero ğŸ“¦ Bums,2025-02-09 19:07:22+00:00
38525,Teemorgan,6324232846,Oluwatoyin,2025-02-09 17:46:49+00:00
38526,Toluene09,1240557447,Temiloluwaâ“‚ï¸ MEMES,UserStatusRecently
38527,Thelightboss8,6188173140,damilareğŸ¦‰ğŸŒ±SEEDğŸ’ FreeDogsğŸ¶â“‚ï¸ MEMESğŸ¾ğŸ’²BLMğŸ†™ UXUYMeshchain.Ai,2025-02-09 18:30:11+00:00
38528,t_b02,6971300381,Tee Bee,2025-02-09 18:18:42+00:00
38529,tarik4559,7052527057,MukhtarÎ£ ğŸ†™ UXUY,2025-02-09 19:06:27+00:00
38530,Traveler369,6935940752,Ahmad,2025-02-09 19:17:28+00:00
38531,thosyn1234,7088571546,Oluwatosinâ™¥ï¸,2025-02-09 14:45:17+00:00
38532,Thefhs223,7515033888,RebeccağŸ†™ UXUY,2025-02-08 01:47:35+00:00
38533,Toure41,5354958592,Karim ğŸ‘¾ BITSğŸ¦‰ğŸğŸ¾ğŸ¾$ZAI,2025-02-09 18:52:48+00:00
38534,Tonison24,7119927941,ğŸ¤ Anthony ğŸ¾ğŸŒ±SEED,2025-02-09 10:17:52+00:00
38535,TURAKINYERIMA,7291688083,Yahaya,2025-02-09 14:08:30+00:00
38536,Temid03,6376046897,MichaelğŸ’CR ğŸ’ â–ªï¸ ğŸ¾ğŸŒ±SEEDğŸÎ£,2025-02-09 09:36:45+00:00
38537,TundeJ2,855904786,Tunde ğŸŒ±SEED,2025-02-09 19:18:01+00:00
38538,Temilol41,6506006198,ğŸ…ğŸŒ±seed paws ğŸ¾ğŸ¾ pocketfiğŸ¦’ğŸ¦´ğŸ¶,2025-02-09 08:58:17+00:00
38539,Totoemenike,6052572335,Fabian ğŸ¼ğŸˆ,2025-02-09 18:54:46+00:00
38540,Therealkingasolaj,1700170586,KingAsolaj,2025-02-09 19:27:25+00:00
38541,Tobayas4,6118410351,â–ªï¸ ğŸ… ğŸŒ±SEED ğŸ¦‰ğŸ‘¾ BITS ğŸ¾ ğŸ‘¾ BITS,2025-02-09 14:24:29+00:00
38542,TracyGenZ,5221983347,Tracy ğŸ…ğŸ¾,2025-02-09 13:38:23+00:00
38543,thankgodyl,5754217540,"ThankgodğŸ¾â“‚ï¸ ğŸğŸğŸ¦‰TearlineÂ ""Meshchain.Ai""Â ",2025-02-09 14:23:49+00:00
38544,Tolexcozy,5513089602,Tolu ğŸ… ğŸ¾ğŸ¦´ï¸âœ¨ Starsfi ğŸ¾,UserStatusRecently
38545,Tada1964,7499890804,Mohammed,2025-02-09 17:16:08+00:00
38546,Tamasani28,5538734565,Â Brother...TğŸ…ğŸ‘¾ BITS,2025-02-08 18:14:35+00:00
38547,ThePope9,6010461150,JuliusğŸŒ±SEED,UserStatusRecently
38548,tuanla20,6215970320,DUCKSğŸˆâ€â¬› $XğŸ”µ ONUS ğŸ¾ğŸï¸âœ¨ğŸ¶ğŸ¦´âœŒï¸Yescoiner,UserStatusRecently
38549,Tumatir001,7024969827,Saifullahi,2025-02-09 12:31:23+00:00
38550,Tinwa82,7339855306,MartinağŸ”µ ONUSÂ ğŸˆâ€â¬›ğŸ‘¾ BITSğŸ…Â ğŸğŸ‘¾ BITS â“‚ï¸ MEMESğŸ‘¾ BITSğŸğŸ¦‰âœŒï¸Yescoiner,2025-02-09 17:35:13+00:00
38551,Tboy99crypto,7032298096,Crypto,2025-02-08 05:56:31+00:00
38552,Tayo_s,1724980115,Bk,2025-02-08 17:38:46+00:00
38553,testering0253,1932867301,DeegowğŸ¦´âš¡VIA,UserStatusRecently
38554,TNGDAN,6835604497,TNG ğŸ¾,2025-02-09 14:15:57+00:00
38555,Tonypontiff,6940234542,Madu,2025-02-09 15:31:14+00:00
38556,theophilustoochukwu9,6678114366,Theophilus,2025-02-09 13:48:37+00:00
38557,Teebaebyy,7414740958,Tee,2025-02-08 15:03:15+00:00
38558,tquyenbmt,6704114928,Nguyen Van QuyenğŸ¾,2025-02-09 12:57:36+00:00
38559,Teshomati,7007746450,Rose Kofi,2025-02-08 18:03:17+00:00
38560,Tauheedharuna,6888865776,Tauheed,2025-02-09 15:01:33+00:00
38561,Tochmen405,6931237715,SebastianğŸ¾ğŸ,2025-02-09 11:48:00+00:00
38562,theogene1234,6123278611,âœŒï¸YescoinerğŸ¾ MINANI ğ—¦ğ—˜ğ—˜ğ—— ğŸŒ±,2025-02-09 17:47:42+00:00
38563,Tina2sure,6646500344,Young ğŸŒ±SEEDğŸ†™ UXUY,2025-02-08 16:10:02+00:00
38564,Tazlat,5581765765,Taz,2025-02-09 18:47:14+00:00
38565,tahir388499,6707686528,Tahir,2025-02-09 11:35:40+00:00
38566,Tjn32,6558394821,Tijjani IbrahimğŸ–BBQ,2025-02-09 08:59:37+00:00
38567,tankosanilafia,6390659297,MUHAMMAD TANKO,2025-02-09 14:10:38+00:00
38568,TEMMYZ88,6457240387,Moses,2025-02-09 18:31:53+00:00
38569,Typogoodkat,7188294990,ğŸ˜ğŸ¶Typo$CFIğŸ…ğŸ°ğŸ¦†ğŸ€ğŸ¦‰ğŸ¦´ğŸŒ±SEEDğŸ‘¾ BITSFLIES ğŸª°ğŸ‡ğŸš€,UserStatusRecently
38570,Turlaney,1698272969,Tolani ğŸŒ±SEED ğŸ…ğŸ¾,2025-02-09 15:42:05+00:00
38571,TerAzariah,6441315751,Terwuha,2025-02-09 11:44:25+00:00
38572,Tifecsc,6340926921,Maintife,2025-02-09 13:12:41+00:00
38573,Tolojah,6448690866,Tolojanahary,UserStatusRecently
38574,Teeboss2003,6452404368,Tee bossğŸ¦´ğŸ¶Î£,2025-02-09 06:19:51+00:00
38575,Tornado78,6606531268,TornadoğŸŒ±SEED,2025-02-09 15:33:25+00:00
38576,TyBigor,974008145,Tuoyo,UserStatusRecently
38577,Trav001a,6948075117,Travis,2025-02-09 08:55:43+00:00
38578,Tructer,7049599131,Amina,2025-02-09 15:21:00+00:00
38579,thankgodokon,1840162765,THANKGODğŸ¥ ğŸˆâ€â¬›Â ğŸª°â¬›ï¸ğŸ…â“‚ï¸ MEMESğŸ¾ğŸ,2025-02-09 13:52:03+00:00
38580,Tyemjames,7466277336,JamesğŸ…,2025-02-08 05:24:24+00:00
38581,Topeojo14,1215274664,ğŸŒ±SEEDTopeğŸ¾,2025-02-08 18:17:02+00:00
38582,Tkclassic,1244599263,Amakai,2025-02-09 17:56:50+00:00
38583,tanjim5522,1983260611,Tanjim #MemhashğŸŒ±SEEDğŸ¾ğŸ| DropsğŸ’§ğŸ“¦ BumsğŸğŸŒŠ Wave,UserStatusRecently
38584,Tosinayo17,7460167503,Tosin,2025-02-09 12:56:25+00:00
38585,thesuavegraphix,789857519,"""Nomissian"" Son of Adam ï¸SUIğŸ¾ âœŒï¸Yescoiner ğŸŒ± SEED",UserStatusRecently
38586,Tunggiay266,2059650984,LÃª VÄƒn ğŸ¾ ğŸ†™ UXUY,2025-02-09 16:35:49+00:00
38587,Toyin0999,6446869541,Areola,2025-02-09 16:57:16+00:00
38588,Tijjanin,7037076670,ğŸ¾,2025-02-09 06:23:51+00:00
38589,Twang_01,6776053243,patrick,2025-02-09 19:23:14+00:00
38590,Trillexotics63,1944466033,Trill Exoticsâ¤ï¸,2025-02-08 08:07:42+00:00
38591,Tgmoneyman,6912780018,TGğŸ…,2025-02-08 20:51:59+00:00
38592,theodorablewordbi,7074845947,Theodorable Otto,UserStatusRecently
38593,Tangaranplateau,783581177,Sani,2025-02-09 17:11:14+00:00
38594,Teefeh1,5764437586,Favour,2025-02-08 14:31:02+00:00
38595,Trigolimpio,6810179679,Volken DUCKS,2025-02-09 05:37:54+00:00
38596,Terre_74,5810556619,Teresa ğŸ… ğŸ…ğŸ“¦ Bums,2025-02-09 18:38:51+00:00
38597,Trustgod2009,6739569348,TechğŸ¾,2025-02-09 06:31:19+00:00
38598,Tasker808,5303799958,TechğŸ… ğŸ°ğŸ¥ ğŸâ–ªï¸ğŸ“¦ BumsğŸ¾ğŸ†™ UXUYÎ£,UserStatusRecently
38599,Tom6365,868152224,Tom6365 great,2025-02-09 18:30:01+00:00
38600,TEEYAH_01,2075205745,Iyiola,2025-02-09 19:19:39+00:00
38601,ThanhMTH,6351453581,ThanhMTH,2025-02-09 15:40:00+00:00
38602,Tegu14234,6760373243,TegegnğŸ…ğŸ¾ ğŸ¾ğŸ¦’ ğŸ¾Î£,2025-02-09 13:22:21+00:00
38603,Tieuho1987vn,804714675,Tiá»ƒu,2025-02-09 03:38:44+00:00
38604,Thinkerq1,6949912214,Abdul Nasir,2025-02-08 19:16:09+00:00
38605,Thedreamer44,6143931322,The Dreamer,2025-02-09 19:12:13+00:00
38606,TheGraceConqueress,1677444129,Chika,2025-02-09 12:54:26+00:00
38607,Terah3,1339367939,$XğŸ…â–ªï¸ ğŸ–BBQğŸ¾ğŸ,UserStatusOnline
38608,Tongdil,6301039041,Emmanuel,2025-02-09 10:28:11+00:00
38609,Tasty2929,7175891536,ğŸ¾ âœŒï¸Yescoine AD,2025-02-09 16:59:33+00:00
38610,Tomeczek67,7238109402,â™¥ï¸ğŸTomeczekğŸ¦ï¸ï¸ğŸ’²BLM,UserStatusOnline
38611,TheStripe29,1688513390,The.StripeâœŒï¸YescoinerğŸŒ±ğŸğŸ¾â–ªï¸ğŸ…Î£,2025-02-08 19:54:01+00:00
38612,theoA_1,5530099749,Theophilus,2025-02-08 19:53:37+00:00
38613,tattung,5233242314,Nguyá»…n Táº¥t,2025-02-09 13:56:52+00:00
38614,TonyCruz11,6095841419,Oboira ğŸ… ğŸ”µ ONUS ğŸ¥  ğŸ¾ ğŸ§‘ğŸ»â€ğŸ’» $GEEKS,2025-02-09 14:49:34+00:00
38615,tukson1,7422735141,Tuksonâ–ªï¸ğŸ¾â–ªï¸ğŸ“¦ BumsğŸ¸ğŸ¦´ğŸ†™ UXUY,2025-02-09 14:48:41+00:00
38616,TIJJANI5000,958893714,TIJJANI,2025-02-09 19:01:18+00:00
38617,taiwomars14,2018420585,Marsboy ğŸŒ±SEED,2025-02-09 05:30:13+00:00
38618,Teewhy2024,2134020379,Ibironke,2025-02-08 04:46:02+00:00
38619,Topmania1,6359549238,Usman,2025-02-09 18:51:23+00:00
38620,Tripplehedge,6354068126,Weefire ğŸ†™ UXUYğŸ¾,2025-02-08 22:44:58+00:00
38621,The_oliveee,1363035890,Success ğŸ§‘ğŸ»â€ğŸ’» $GEEKS ğŸ¶,2025-02-08 22:50:52+00:00
38622,thenewvoyager,923957803,thenewvoyager Î£ ğŸ¾ âœŒï¸Yescoiner ğŸŒ±SEED ğŸ†™ UXUY,2025-02-09 02:36:54+00:00
38623,Tomarketemojis,7054128991,ğŸŒ±SEED,2025-02-09 08:59:51+00:00
38624,temmystefan,1028719772,Temmy,UserStatusRecently
38625,tesfaydebela15,5986751735,Zowi,UserStatusRecently
38626,tonyayogu,5313050787,Ayogu ğŸ…,2025-02-09 12:46:01+00:00
38627,tchango91,7187248775,ğŸ¾tchango,2025-02-09 06:47:59+00:00
38628,Tamaraprede,6368238458,Favour ğŸ¾ âœŒï¸Yescoiner,2025-02-08 20:52:51+00:00
38629,Tolulopeoke94,6476374068,Tolulope,UserStatusRecently
38630,Terryyoyo,6410237837,James ğŸŒ±,2025-02-09 12:06:21+00:00
38631,TOHADLUV,5575170089,TOHAD ğŸ‹ğŸ¶,2025-02-09 14:59:45+00:00
38632,TheGozerow1,5070784279,Gozerow ğŸ…ğŸ¦ğŸ“ğŸŒŠÎ£ ğŸŒ±SEED ğŸ†™ UXUY âš¡VIA,2025-02-09 18:15:33+00:00
38633,teebeeca,6642754402,Teebecca ğŸŒ± SEEDğŸ’  ğŸ†™ UXUY,UserStatusRecently
38634,Tarawe66,1190947498,Tarawe,2025-02-09 18:07:06+00:00
38635,tdreez,6448094709,IdrisğŸ…,2025-02-09 13:38:44+00:00
38636,Tobiasukwa,6915065761,UkwağŸ¾ğŸ,2025-02-09 17:35:54+00:00
38637,Tuldip1,7114946114,Clement,2025-02-09 18:05:04+00:00
38638,Thefaithbabs,5023168380,Faith â–ªï¸ğŸ¾âœŒï¸Yescoiner,UserStatusRecently
38639,Teslimlyon01,5748983134,Olanrewaju ğŸ¦‰ğŸ¾ğŸ§‘ğŸ»â€ğŸ’» $GEEKSğŸÎ£,2025-02-08 14:24:19+00:00
38640,Tambyya2024,6717878944,SuleğŸŒ±SEEDğŸ’ ğŸ¦†ğŸ…ğŸğŸ“¦ Bums,2025-02-09 18:50:02+00:00
38641,tomsiaw,642568495,Tom ğŸ¥ ğŸ¾ğŸŒ±SEEDğŸ¸ğŸ¦’ğŸ¦‰ğŸ§‘ğŸ»â€ğŸ’» ğŸ… $MONOğŸ‘¾ğŸ ğŸ†™ UXUYBITSğŸ¸Play TONxDAO ğŸ’  t.me/tonx,2025-02-09 06:28:39+00:00
38642,TGwandu,6670060190,ğŸ¦ŠSaeed ğŸˆâ€â¬›ğŸ¦‰TearlineMeshchain.AiğŸ†™ UXUY,2025-02-09 17:56:13+00:00
38643,Tame094,636912263,Tame,UserStatusRecently
38644,Timothychelsea,2011398958,Hillary ğŸ…,2025-02-08 19:08:15+00:00
38645,Tomfeltzzn,2132467321,Draco,2025-02-09 18:06:50+00:00
38646,Tobilobakafidipe,7007971852,Tobiloba,UserStatusRecently
38647,tooransaraee,100787361,ali,UserStatusRecently
38648,tachusprime,1480283089,Tachus,UserStatusRecently
38649,TAPANEGUYA4892,1256613604,ğŸ¦’ Bulus Tapane,UserStatusRecently
38650,Tonodarma,6991492304,Tono,2025-02-09 08:45:09+00:00
38651,tessprice20,6070249983,Big Barry ğŸŒ±SEED,2025-02-09 01:04:03+00:00
38652,Timi_835,5383205204,â“‚ï¸ pocket MEMES ğŸŒ± SEED â“‚ï¸ MEMES Balogun,2025-02-09 07:33:56+00:00
38653,Tbello70,1253240141,Tasiu Alhaji Bello Î£,2025-02-09 17:16:41+00:00
38654,Tlanez99,7265289210,Olanrewaju FLIES ğŸª° ğŸŒ±ğŸ†™ UXUY,2025-02-08 12:28:37+00:00
38655,Tabitha_Ashy,7407865572,OJULARI Asegunnioluwa Esther,2025-02-09 15:10:50+00:00
38656,Tinatint,6803342077,Uduak,2025-02-09 19:24:42+00:00
38657,Tolunel,7053626198,Oluwaseun Nelson ğŸ…,2025-02-09 17:03:58+00:00
38658,Terryflag82,1742076075,Thomas,2025-02-08 19:09:11+00:00
38659,taiwo_m_oni,1362443539,Taiwo ğŸ¥  ğŸ ğŸ“¦ ğŸ¦‰ğŸ¾ âœŒï¸Yescoiner ğŸ,2025-02-08 22:31:43+00:00
38660,temmielu,6960105305,Zugwai,2025-02-09 15:48:19+00:00
38661,Thomasblinks,5749719517,CharityÂ ğŸ…ğŸ¾ğŸŒ±SEED,UserStatusRecently
38662,Tnelly1,947835313,Anthony ğŸ…ğŸğŸ¾â–ªï¸ğŸ†™ UXUYğŸ‘¾ BITSğŸ¦’â¤ï¸ğŸŒ± ğŸ¦´ğŸğŸ“¦ Bums,2025-02-09 16:34:01+00:00
38663,Treasuredimm3,7040261293,ğŸ¦’ğŸ¶,2025-02-09 16:41:48+00:00
38664,Terfa22,5776764712,UndeğŸ…ğŸ…ğŸ¾ğŸğŸ,2025-02-09 13:10:58+00:00
38665,Tomsy46,6153035762,Tomsy46,2025-02-09 19:32:03+00:00
38666,Thebeloved71,964007623,ğŸ…TheBeloved71ğŸŒ±SEED$XğŸ¥ ğŸ¾ğŸ“¦ BumsğŸ$ZAIğŸ†™ UXUY,2025-02-09 18:30:48+00:00
38667,Tamanna132,1691312828,Tamanna,2025-02-09 18:44:41+00:00
38668,Tope2350,7319236946,TopeğŸŒ±SEED ğŸ¾ğŸ,2025-02-09 05:56:51+00:00
38669,Tani04542,8061931715,Tanimola,UserStatusRecently
38670,TONNYWES,5301655884,Tonny westDUCKS ğŸ¦†ğŸˆâ€â¬›ğŸŒ±SeedğŸ…ğŸ¾ğŸğŸğŸ¦‰Tearline,UserStatusRecently
38671,Talbaahmed,7141584326,Ya'u,2025-02-09 17:23:26+00:00
38672,THANKMIC,774787798,THANKGOD,2025-02-08 06:02:12+00:00
38673,topu1123,6729066112,Tapu,2025-02-08 11:59:22+00:00
38674,Toanland,1858820794,ğŸ¤ ToÃ n Gra-Gra,2025-02-09 06:30:13+00:00
38675,tijjanim460,7429337347,Tijjani,2025-02-09 19:05:05+00:00
38676,T_h_1_0_0,7862558458,Thomas Tatson,2025-02-08 20:34:38+00:00
38677,teniope,6460564915,Taofeek,2025-02-09 03:40:58+00:00
38678,TaiwoJoseph239,5788067790,Taiwo,2025-02-08 21:18:54+00:00
38679,teemahgirl,1747161435,Etima,UserStatusRecently
38680,Thatpainkiller,539734293,Biniyam,UserStatusRecently
38681,Tomdemi,7701161928,Opeyemi ğŸ¾,2025-02-08 19:12:01+00:00
38682,Thadeus04,7102465047,DogÂ ğŸŒ±SEED POTUS CLICK ğŸğŸ…ğŸ‘¾ BITS,2025-02-09 10:59:55+00:00
38683,Taiwolee2000,6798943825,Â ğŸ’ AlowonleğŸ¦†ğŸ…ğŸ¦ŠğŸŒ±,2025-02-09 19:04:59+00:00
38684,Tylerperrymanagement0,6907400480,Tlyer,2025-02-09 18:21:56+00:00
38685,tungson1084,6957940012,Î£ Son Tung ğŸ¾ğŸ›’ğŸ¦‰ğŸ’  ğŸ†™ UXUY,2025-02-09 16:47:42+00:00
38686,TemitopeArowolo,6835384567,ArowoluxğŸ†™ UXUY,2025-02-09 19:18:09+00:00
38687,Tamoboms,6887627983,TONYE,2025-02-09 15:34:38+00:00
38688,thanhthuy20240,6486741945,ThanhtjuyğŸŒ±SEEDğŸ’CRğŸ”µ ONUSğŸ…ğŸ¾â“‚ï¸ MEMES,UserStatusRecently
38689,Tolanj,5981436300,Abike ğŸ…â–ªï¸ ğŸ¾ ğŸ¦´ğŸ¸ ğŸ¦’,2025-02-09 02:50:25+00:00
38690,thawzin1996,1606784465,KYaw,2025-02-09 17:32:33+00:00
38691,Tiaceles,6343550067,Tia,2025-02-09 14:55:57+00:00
38692,Tarun_Mavii,1972733299,Kakashi,2025-02-09 18:36:55+00:00
38693,Tonero43,5874072406,TonyğŸ’ â–ªï¸,UserStatusRecently
38694,thanhngado,6003370752,Nga,UserStatusRecently
38695,toandover12,1867968532,Meshchain.Ai NodeGo.Ai,UserStatusRecently
38696,Tayef05,5227421424,Md Tayef,2025-02-09 04:14:39+00:00
38697,Tampphu,7173553239,Runes kaneshchai,2025-02-08 17:17:14+00:00
38698,taitumyn,514664434,ğŸ¤ tai ï£¿ ğŸ¥ ğŸGra-Gra ğŸ¸ğŸŒ±SEED BumsğŸ¾,2025-02-09 09:11:07+00:00
38699,tonakedog,5547765852,Fragment,2025-02-08 12:52:21+00:00
38700,terorist_fanat,1594787097,Ğ¸Ğ½ĞºĞ¾Ğ³Ğ½Ğ¸Ñ‚Ğ¾,UserStatusRecently
38701,twinklingstar17,6127078184,ğŸ¾ğŸ¥ Star,2025-02-08 22:53:33+00:00
38702,ttignS,7830655684,9GGG9ğŸ‘¨ğŸ»â€ğŸ’»,2025-02-09 18:38:49+00:00
38703,TTBworld,5045941894,Nomissian ğŸ…ğŸ¦‰â–ªï¸ğŸ¾ğŸ,UserStatusRecently
38704,tranductrung2k,6554225868,Trung ğŸ¾,2025-02-09 18:57:51+00:00
38705,t_tijani_1,5203583124,Tijani TaiwoğŸ¾,UserStatusOnline
38706,techreviver,1933713308,Tech Reviver ğŸ¦ $DCLC ğŸ,2025-02-09 13:39:13+00:00
38707,Teexy01,6265493732,Teex ğŸ¾,2025-02-09 14:10:22+00:00
38708,Tillu_ganster,6563943172,M baba tillu,2025-02-09 17:50:18+00:00
38709,Thcv7ji,6999036151,Ij,2025-02-09 11:41:27+00:00
38710,Togukristianto,1269353577,Togu KristiantoğŸ…,2025-02-09 00:26:39+00:00
38711,TraderX12389,7278163487,Ronak Rajput ğŸ¾ Kaisar,2025-02-08 17:34:09+00:00
38712,TrikeshSahu,1161390856,TrikeshğŸš€ğŸ¦‰â–ªï¸ğŸŒ±ğŸ¼ğŸ¾ğŸğŸ¥  SPELLâœ¨ğŸ¦SUI ğŸ±CATGOLD,2025-02-09 17:21:38+00:00
38713,tanmoytihan,6327863631,DUCKS ğŸˆâ€â¬›ğŸ¦† ğŸ…ğŸ°,UserStatusRecently
38714,tahirbhatti75,6856446939,TahirğŸŒŠ Wave,2025-02-09 17:13:52+00:00
38715,Tqtel,1184065840,ğŸ“¦ BumsğŸŒ±SEEDğŸ¾â—â–¬à¹‘Û©TqTelÛ©à¹‘â–¬â—ğŸ¾,UserStatusRecently
38716,Teams_Seven,1501767066,Stranger,UserStatusRecently
38717,tonigagah,5975360861,toni,2025-02-09 03:11:26+00:00
38718,Tie_01,2120906505,Titi,2025-02-08 11:40:56+00:00
38719,Taylor_0091,6210863058,Taylor,2025-02-08 11:41:33+00:00
38720,Tawkeer2018,6593292269,Tawkeer ğŸŒ±SEEDğŸ†™ UXUY,2025-02-09 15:05:06+00:00
38721,the_lifeuFoxCoin,7191412989,Codeur FoxCoin,2025-02-09 19:01:14+00:00
38722,Tunde20000,7145236520,Henry,UserStatusRecently
38723,Titima88,1327496030,Fatma ğŸŒ±SEED ğŸ¦ï¸ğŸ“¦ Bums $ZAI â¤ï¸ ğŸ¦´ ğŸğŸ’²Î£ BLM DUCKS ğŸ¦†ğŸ¾ BabyDoge PAWS ğŸ†™,2025-02-09 18:55:12+00:00
38724,t9p2t,5673653882,unknown.......ğŸ¦ SUI â–ªï¸ğŸ…,2025-02-09 14:53:39+00:00
38725,t0nbucket,7174994747,T0NBUCKET,2025-02-08 10:05:53+00:00
38726,truonginh93,996731889,TrÆ°á»ng ğŸ†™ UXUY âš¡ï¸VIA,2025-02-09 12:34:21+00:00
38727,Tph912,7496951054,ThğŸ’ ,UserStatusRecently
38728,Thenistke,6985445613,New,UserStatusRecently
38729,Thang592368,1313787062,ğŸ¾ Lee Tháº¯ng ğŸ…,2025-02-09 15:36:12+00:00
38730,Tmotii22,6807120734,âœŒï¸YescoinerğŸ’› Sons of TonMeshchain.AiğŸ„ğŸ›¸Î£ğŸš€ğŸğŸŒ±SEEDğŸ¦’ğŸğŸŒ½ My Duck ğŸŒ½ RICH,UserStatusRecently
38731,techybesty,6582083252,MrBasitğŸ…ğŸ¾ğŸŒ±SEEDğŸ”µ ONUS,2025-02-09 13:09:22+00:00
38732,Toheeb17,6531927438,Toheeb,2025-02-09 17:37:14+00:00
38733,theFithos,745218688,Fithos (I never DM first),2025-02-09 14:06:57+00:00
38734,Thorvos,1147067573,MarioBeKY ğŸ’ ğŸ…ğŸ¦‰SUIâ–ªï¸ğŸ¾ğŸ§¢CAPTCHA | DropsğŸ’§,UserStatusRecently
38735,Tabish0111,1872556680,Mohd tabish ğŸŒ±SEED | DropsğŸ’§,UserStatusRecently
38736,tidteo,7438655562,ğŸ…â–ªï¸ğŸ¾ğŸ¦ ğŸŒ±SEEDğŸ¦‰Tearline| Drops ğŸ¥Š SMASHğŸ¦‰TearlineGuest,2025-02-09 19:23:03+00:00
38737,Toviaandy,6456935551,ğŸ,2025-02-09 11:34:26+00:00
38738,Toncoinsuzb,7267273014,Serry,UserStatusRecently
38739,TGYe027,623878323,TG,UserStatusRecently
38740,Tramicuti,6443319497,TrÃ ,UserStatusRecently
38741,Tehame,7008396581,BerlinğŸâ–ªï¸ğŸ¾ğŸ§‘ğŸ»â€ğŸ’»ğŸŒ±SEEDâ“‚ï¸ MEMES,2025-02-09 18:17:36+00:00
38742,Tibebegas,1152133852,Tibebe$XRICHğŸ“¦BumsğŸŒ±SEED,2025-02-09 13:02:02+00:00
38743,tesfayedesta628gmail,435069182,Tesfaye,2025-02-09 18:28:43+00:00
38744,TCPROKINGGG,2106558520,ğ“†© ğšƒ É´ ğš‚ ğ“†ªã€ ğŸ’¥ Æ¬CâƒŸ PÆ¦Ã˜ğŸ’¥ğŸ¥€ã€âƒğŸ‡®ğŸ‡³,2025-02-09 16:56:34+00:00
38745,the_nisss,465035221,Denis | CRYPTUS,UserStatusRecently
38746,Tedes22,5871740795,Black,UserStatusRecently
38747,takanoriho,1763887792,Grace_MEXC,UserStatusRecently
38748,Temyryt,1185884964,HyklassğŸ…ğŸ¾ğŸ,2025-02-09 08:37:08+00:00
38749,tamimiqbal1m,6783346081,TAMIM,2025-02-09 18:10:27+00:00
38750,TankerMD,5368368640,Pavel,UserStatusRecently
38751,Tammu7860,6192709228,SK Tamanna Î£,2025-02-09 17:16:19+00:00
38752,tAnatol1ch,1290500889,Anatol1ch,UserStatusRecently
38753,The_TruE_ProfiTs_SourceS,2135708040,â™¾ï¸ Atif-Ø¹Ø§Ø·Ùâ™¾ï¸,2025-02-09 17:16:52+00:00
38754,tjmax007,6380265103,SUNDAYğŸ…ğŸ§‘ğŸ»â€ğŸ’» $GEEKSğŸ¾ğŸğŸ’ ğŸŒ±SEED,UserStatusOnline
38755,Tajmahal38,503706354,á‰³áŒ… MahalğŸš€ğŸ¦‰ğŸŒ±SEEDğŸ›’ğŸˆâ€â¬›ğŸˆğŸ‘¾ BITSğŸ$XğŸ…ğŸ”µ ONUSğŸ²â–ªï¸ğŸ,2025-02-09 02:07:24+00:00
38756,Tamann316,7514042830,Vai,2025-02-09 03:59:02+00:00
38757,Teamxk,6546439476,TEAM,UserStatusRecently
38758,Tuli154,7251875624,Sabrina,2025-02-09 09:43:02+00:00
38759,Tahsin_1977,6294401930,Tahsin,UserStatusRecently
38760,Tausif14253,6029923575,TausifğŸ¦´,UserStatusRecently
38761,tonmoy4444,7508336461,TonmoyğŸ†™ UXUY,2025-02-08 16:06:20+00:00
38762,towhid_vai12,6657240108,Towhid| DropsğŸ’§,2025-02-09 13:29:07+00:00
38763,Tajsxbisbd,7485934577,Sojib,2025-02-09 05:28:09+00:00
38764,Towhid_14,5146713201,RianğŸŒŠ Wave,2025-02-09 13:28:46+00:00
38765,tinygorilla314732,6236489282,Nelson,2025-02-08 10:10:33+00:00
38766,tahsin2822,1810860549,ğŸ†™ UXUY Tahsin,2025-02-09 18:36:35+00:00
38767,tasfiaahmed,6566898353,"Tasfia Ahmed ""ğŸ¦SUI""| DropsğŸ’§",UserStatusRecently
38768,Tcgbfbffv,7467152616,MdğŸ¾,2025-02-09 06:17:08+00:00
38769,Taha9963,7531337061,TahağŸ†™ UXUY,2025-02-09 17:15:26+00:00
38770,tamago85,7242562722,Tamago,UserStatusRecently
38771,Tamid202407,7334434330,Tamid,2025-02-08 14:43:28+00:00
38772,Tamzid328,1121393746,Youtuber Tamzid (Tamzid328) ğŸ¾,UserStatusRecently
38773,Tonni62,1955207166,Tonni,2025-02-09 15:23:33+00:00
38774,Tofa017410,5994639062,Tofajul,2025-02-08 11:10:22+00:00
38775,thahasan,6583155863,Thahasan,2025-02-09 13:39:17+00:00
38776,Tsiammondol,1855913778,SILENTâ™»ï¸,2025-02-09 17:45:45+00:00
38777,Trapmaster78,5901403297,Not_normal,UserStatusRecently
38778,Tota4810,6809608971,Tofajjol,2025-02-08 04:38:46+00:00
38779,taniya8280,7865793702,Taniya,2025-02-08 04:56:15+00:00
38780,Torry80x,7264554996,D,2025-02-08 08:03:30+00:00
38781,Tuhin9924,5041711131,Tuhin ğŸ¤ ( Not Eligible ğŸ«  )ğŸ¾â–ªï¸,2025-02-09 15:47:23+00:00
38782,Tg_ac_0002,7052432706,Tg-02 ğŸŒ±SEED â–ªï¸ ğŸ¾ Î£,2025-02-08 03:16:35+00:00
38783,Tamim763,7199199406,Md,2025-02-08 18:29:41+00:00
38784,tusharahmed00983,6870663890,TusharğŸ¶ â–ªï¸ğŸ¾SEED ğŸŒ±,2025-02-09 12:21:14+00:00
38785,tarekabu3,1054770284,Abu,UserStatusRecently
38786,tjh12345,6567835700,S2,UserStatusRecently
38787,tamim0056,6732125753,Md,2025-02-08 13:04:16+00:00
38788,Tapswap459,6970573452,Labbaik ğŸ’Ÿ,2025-02-09 13:13:15+00:00
38789,Tytddvb,7484199108,RollexvğŸ¾,2025-02-09 11:57:23+00:00
38790,Tamim4355,6710132761,Md,2025-02-08 18:47:35+00:00
38791,T_S_AC_11,7673212548,T_S_11,2025-02-08 04:57:04+00:00
38792,Tgteletalk015,7009490417,Telegram 015-92â–ªï¸ğŸ¾,2025-02-08 11:14:01+00:00
38793,Tram11223c,7246455835,KofğŸ…ğŸˆâ€â¬›â–ªï¸ğŸ¾,2025-02-09 18:57:05+00:00
38794,Ttarek7443,7440790480,Tarek,2025-02-09 18:53:23+00:00
38795,t6868681,5692860851,22906,2025-02-09 13:46:42+00:00
38796,Tasnim1245,6127179274,Tasnim,2025-02-09 16:27:47+00:00
38797,Trraki,6392217907,19ğŸ¼ ğŸ¾,2025-02-09 10:24:32+00:00
38798,Teamqwr,6697290549,Nadem ğŸ¤ + {name} + Gra-Gra ğŸˆâ€â¬›,2025-02-09 17:40:03+00:00
38799,Ttttttt4x,7341158373,Te4ğŸ¦´ â–ªï¸ğŸ§‘ğŸ»â€ğŸ’» $geeks ğŸ¾,2025-02-09 01:00:38+00:00
38800,trwail,7361456131,Sandi,2025-02-09 13:48:28+00:00
38801,tosermi,6726941819,Tose,2025-02-08 14:37:55+00:00
38802,tchyc,6757576001,Codury,2025-02-09 13:21:38+00:00
38803,T_S_AC_4,7230143601,T_S_AC_4,2025-02-08 04:41:33+00:00
38804,tonniislam99,5188780787,Nowmi,UserStatusRecently
38805,trambaj,6895636570,Justin,2025-02-09 13:53:05+00:00
38806,Tahmidafu,7223329614,Islrat,2025-02-09 05:05:37+00:00
38807,trambj,754970513,El,UserStatusRecently
38808,tonmoy_36,5275088249,ğ„ğ±ğ¨ğ­ğ¢ğœ ğ“ğ¨ğ§ğ¦ğ¨ğ²,UserStatusRecently
38809,Trust18378,6809807226,BagusğŸ…ğŸ†“Â ğŸˆâ€â¬›ğŸ·,2025-02-09 14:34:03+00:00
38810,tomermon0,7443160773,Tomara mana,2025-02-09 15:24:03+00:00
38811,Tanmay6795,7716864966,Tanmayâ–ªï¸ğŸ¾,2025-02-09 17:50:25+00:00
38812,thorczz,7031517824,â—”ÍœÍ¡â—” Thor â—”ÍœÍ¡â—”,UserStatusRecently
38813,Tishs543,6994388494,AminurğŸ’Â ğŸˆâ€â¬›,2025-02-09 09:52:04+00:00
38814,Tusharffpppo,7312108956,à¦¨à¦œà¦°à§à¦² â–ªï¸ğŸ¾SEEDğŸŒ±,2025-02-08 03:08:47+00:00
38815,Tanvir_Web_3,7459563812,Tanvir,UserStatusRecently
38816,tab7l,1801496072,ğŸ†™ UXUY| DropsğŸ’§ğŸ¦ SUI ğŸ…ğŸŒ±SEED ğŸ¦ SUI ğŸ¾ğŸ†™ UXUY,UserStatusRecently
38817,TinhHalo,5759701818,Tinh ğŸ¾ ğŸ¦SUI,2025-02-09 16:12:17+00:00
38818,Tamim3999,5827749294,TAMIM,UserStatusRecently
38819,Tarikul23,6222433805,ğ—§ğ—”ğ—¥ğ—œğ—ğ—¨ğ—Ÿ â®á´€á´…á´ÉªÉ´â¯ ğŸ†™ UXUY,UserStatusRecently
38820,tomato667,6535724050,Maria,2025-02-09 13:46:55+00:00
38821,Tanvir613,6949375040,TANVIR,2025-02-09 12:45:03+00:00
38822,thekamermal,7093585458,soikot,2025-02-08 15:57:48+00:00
38823,techpro24,659102021,Imon,UserStatusRecently
38824,Tomkool,7639138577,Tom,UserStatusRecently
38825,Tradewithdev,481889053,Meshchain.AiğŸ¾ Devashish Gaurav ğŸ¦ SUI ğŸ,2025-02-09 16:08:17+00:00
38826,taseeb79,7272455015,Taseeb,2025-02-08 16:10:37+00:00
38827,TOU_HIDD,1475487510,TOU_HID ğŸ¾,UserStatusRecently
38828,tooleeeo,6351353278,leeeo,UserStatusRecently
38829,Tolits_077,7187272470,Angelito,2025-02-09 11:38:29+00:00
38830,thaocute_1998,6088271024,ThaoCute1998,2025-02-09 04:39:13+00:00
38831,trash_NFT,2035666044,.,2025-02-09 19:31:39+00:00
38832,The_Black_Swords_Man,1441769876,ã€KIRITOã€ğŸŒ±SEEDğŸ…,UserStatusRecently
38833,Tannu0615,1935297466,Tanmoy,2025-02-08 17:48:01+00:00
38834,Teejayar,6795812076,Pabi ğŸ… ğŸ¾,UserStatusRecently
38835,timtol_crypt,6567601584,Timtol.crypt,2025-02-09 16:06:05+00:00
38836,TOXicDamX,1414548827,iTXğŸ’CR$ğŸ¾ğŸ,UserStatusRecently
38837,tg_stark_technology,1734783697,stark technology,UserStatusRecently
38838,Thord24,6973365524,KingğŸ…,2025-02-08 22:01:01+00:00
38839,tomizaddin10,5257585961,TomizaddinğŸ¾,2025-02-09 18:11:24+00:00
38840,tyrant036,5158426857,ğŸ¤JohnğŸ… Gra-Gra,2025-02-09 12:47:16+00:00
38841,tfcyycyv,7102019414,milknameğŸ”,2025-02-09 18:35:28+00:00