sr. no.,username,user id,name,Status
1,Itz_Mzzi,7237321461,Mzzy|| Biconomy Listing,2025-06-13 07:34:59+00:00
2,KvngSopman,2064507481,SOPULUCHUKWU,2025-06-12 13:26:42+00:00
3,DavePotterr,7731030627,Dave,UserStatusRecently
4,Abutanko_MD,416267832,Abubakar,UserStatusRecently
5,zeuscrypt1,7428149004,YAKUZA,UserStatusRecently
6,Pending031,5071026497,Suleiman,2025-06-13 06:32:55+00:00
7,Asulog950,6271723787,Musa,2025-06-12 21:09:52+00:00
8,Britty20,1377696807,Brittyâ¤ï¸,UserStatusRecently
9,BeatrizArmand,7747091619,å½¡ ğ•­ğ–Šğ–†ğ–™ğ–—ğ–ğ–Ÿ,UserStatusOnline
10,Shairaad,5737220280,Shaira,2025-06-12 12:41:34+00:00
11,ololadefx,8057610566,OLOLADE ğŸ“ˆğŸ“Š,UserStatusRecently
12,ibroussy,2010889196,Ibrahim,2025-06-13 07:05:29+00:00
13,Abubakarismail02,2089094224,ABUBAKARISMAIL02ğ—¦ğ—˜ğ—˜ğ—— ğŸŒ±âœŒï¸Yescoiner,UserStatusRecently
14,Jummerh,2029415247,ğŸ¾Hivera ğŸŒ±SEEDFatimaâœŒï¸Yescoiner,2025-06-12 22:51:45+00:00
15,scarletwilson5002,6988820103,Scarlet,UserStatusRecently
16,Benricky,6418814789,Ben,2025-06-13 07:16:32+00:00
17,HighlySpirated,5538629290,Omo To,2025-06-13 06:12:57+00:00
